{
  "project_info": {
    "project_number": "658625040700",
    "project_id": "feri-base",
    "storage_bucket": "feri-base.appspot.com"
  },
  "client": [
    {
      "client_info": {
        "mobilesdk_app_id": "1:658625040700:android:b62101cb76f06183f4ce39",
        "android_client_info": {
          "package_name": "com.example.feri_kusuma_wardhana_7_1"
        }
      },
      "oauth_client": [],
      "api_key": [
        {
          "current_key": "AIzaSyCC8MVfPtwC8uYEMULHjh1INQIh0vDwNw4"
        }
      ],
      "services": {
        "appinvite_service": {
          "other_platform_oauth_client": []
        }
      }
    }
  ],
  "configuration_version": "1"
}